name,nid,image,priceShow,voucher,ratingScore,review,location,sellerName,brandName,originalPrice,inStock,itemUrl
Điện Thoại OPPO A58 (6GB/128GB) - Hàng Chính Hãng,2395322903,https://vn-live-01.slatic.net/p/bd3a8315c441cad9bd1fdd903585c503.jpg,4.110.000 ₫,,4.9919946631087395,4497,Hà Nội,OPPO Brand Store,OPPO,4990000,True,https://www.lazada.vn/products/pdp-i2395322903.html
"Điện thoại di động chắc chắn Oukitel WP32 Pro, RAM 24Gb(6GB + 18GB),ROM 256GB,Màn hình 6 inch HD,camera 20MP, NFC)",3186795276,https://vn-live-01.slatic.net/p/5a35d35726d5c0c66bce948036e52789.jpg,1.025.000 ₫,,,,Phú Thọ,An Huy Mobile,No Brand,,True,https://www.lazada.vn/products/pdp-i3186795276.html
"[ SALE -RẺ VÔ ĐỊCH ] Điện thoại giá rẻ Samsung Galaxy M51 2sim ram 8G/128G, Cấu hình Cao Chiến mọi Game mượt, Chụp ảnh đẹp, g -máy đủ màu LNBSCK",2859462542,https://vn-live-01.slatic.net/p/2b9b8070b150f29a651ece82ea59579e.jpg,268.000 ₫,,4.575,79,Hồ Chí Minh,MYSON MOBILE,Samsung,,True,https://www.lazada.vn/products/pdp-i2859462542.html
điện thoại SS.A10s 2sim ram 3G bộ nhớ trong 32GB nguyên zin đẹp keng,3139382615,https://vn-live-01.slatic.net/p/8e51a053de362c17a98963be8200a5f3.jpg,585.692 ₫,"LazFlash Sale,kết thúc sau 7h",5.0,15,Hồ Chí Minh,Nguyên Lê Store,No Brand,1200000,True,https://www.lazada.vn/products/pdp-i3139382615.html
"điện thoại Xiaomi Redmi Note 10 2sim ram 6G/128G Chính hãng, cấu hình khủng Cân game mượt - CMS",2879921936,https://vn-live-01.slatic.net/p/f70e12540111588e284a786de00c3338.jpg,268.000 ₫,,4.52,25,Hồ Chí Minh,MYSON MOBILE,Xiaomi,,True,https://www.lazada.vn/products/pdp-i2879921936.html
Điện thoại samsung galaxy j6 plus 2018 máy cũ tân trang đẹp trên 95%,3065872797,https://vn-live-01.slatic.net/p/8d4bf8fd22df510a8e434123f8322db0.jpg,495.000 ₫,"LazFlash Sale,kết thúc sau 2 ngày",4.742268041237113,97,Hà Nội,Smartchoice 247,Samsung,1100000,True,https://www.lazada.vn/products/pdp-i3065872797.html
Samsung A01 Core androi go 11 siêu mượt hỗ trợ nhiều app giải trí,2768919232,https://filebroker-cdn.lazada.vn/kf/Saf884b7c56aa499ca216f20c6c798766O.jpg,480.000 ₫,,5.0,6,Hồ Chí Minh,Phone Cheap,Samsung,,True,https://www.lazada.vn/products/pdp-i2768919232.html
Điện thoại oppo neo5 _a31. Điện thoại gia rẻ HÀNG CHÍNH HÃNG đã qua sử dụng,2500695835,https://vn-live-01.slatic.net/p/d4c9552401491715c894b69f9a7cac21.jpg,289.999 ₫,Voucher giảm  3%,4.421052631578948,76,Hải Phòng,LPK_dienthoaigiare,OPPO,299000,True,https://www.lazada.vn/products/pdp-i2500695835.html
"[ RẺ VÔ ĐỊCH ] điện thoại 4G Samsung Galaxy Note 9 ram 6G/128G Chính Hãng,  Chiến Game mượt, Chụp ảnh siêu đẹp - BBMB",2880862317,https://vn-live-01.slatic.net/p/d07b4f0060313a59404074904ad4deff.jpg,268.000 ₫,,4.859649122807017,57,Hồ Chí Minh,MYSON MOBILE,Samsung,,True,https://www.lazada.vn/products/pdp-i2880862317.html
"[ RẺ HỦY DIỆT ] điện thoại 4G Samsung Galaxy S8 Plus ram 4G/64G Chính Hãng,Chiến Game mượt, Chụp ảnh siêu đẹp - Máy đủ màu MBMB",2881337774,https://vn-live-01.slatic.net/p/3a954e60bdd2b0a597d54f4fe86a5fa5.jpg,278.000 ₫,Voucher giảm  30%,5.0,21,Hồ Chí Minh,MYSON MOBILE,Samsung,397000,True,https://www.lazada.vn/products/pdp-i2881337774.html
Điện thoại di động Xiaomi Redmi 13 6GB/128GB - 8GB/128GB - Chính hãng bảo hành 18 tháng,3064853539,https://vn-live-01.slatic.net/p/ba3e4fa350653bf7c314a6c9b23edd09.jpg,2.890.000 ₫,Voucher giảm  28%,4.869565217391305,23,Hồ Chí Minh,Hoàng Hà Mobile,Xiaomi,3990000,True,https://www.lazada.vn/products/pdp-i3064853539.html
"[SIÊU SALE 9.9] [ĐỘC QUYÊN MÀU ĐEN] Điện thoại Samsung Galaxy A16 5G (4-128GB), màn hình Super AMOLED 6.7"", kháng bụi nước IP54, bền mượt 6 năm",3170665970,https://vn-live-01.slatic.net/p/c6db32a1dafdbd1aeb9d7bfb10a9d78c.jpg,4.489.000 ₫,,5.0,7,Hồ Chí Minh,SAMSUNG Flagship Store,Samsung,,True,https://www.lazada.vn/products/pdp-i3170665970.html
Điện thoại di động hoàn toàn mới oqqo Reno9 HD6.7 inch điện thoại thông minh điện thoại di động,3160704236,https://vn-live-01.slatic.net/p/b73b2ae2cd4847ad10244fbdd4db9371.jpg,1.080.000 ₫,Voucher giảm  32%,,,Hà Nội,điện tử kỹ thuật số 3C,SOYES,1580000,True,https://www.lazada.vn/products/pdp-i3160704236.html
Điện Thoại Thông Minh Giá Rẻ Samsung Galaxy J2 prime G532 Hỗ Trợ 4G Máy Cũ Tân Trang,3065998302,https://vn-live-01.slatic.net/p/93aebb4ab6bb1f147ede09c69a38ccd2.jpg,241.250 ₫,Voucher giảm  52%,4.636363636363637,22,Hà Nội,Smartchoice 247,Samsung,500000,True,https://www.lazada.vn/products/pdp-i3065998302.html
NEW A55 điện thoại di động 6.8 inch Màn hình HD 3G/4G/5G giá rẻ Android đt 16GB/1TB điện thoại rẻ cho học sinh Hai SIM Smartphone Cảm ứng,3146273713,https://vn-live-01.slatic.net/p/178973b1f0848396603c4ec1ffe73bb1.png,1.198.000 ₫,Voucher giảm  50%,,,Hà Nội,Siêu thị 3C giá rẻ,SOYES,2396000,True,https://www.lazada.vn/products/pdp-i3146273713.html
Điện thoại 0PPP0 A1k 2SIM Bộ Nhớ Ram 2/32G Màn hình giọt nước zin đẹp,3051777186,https://vn-live-01.slatic.net/p/e794359bc1cd2f31280758b9a12d45b8.jpg,610.829 ₫,"LazFlash Sale,kết thúc sau 7h",5.0,28,Hồ Chí Minh,Nguyên Lê Store,Motorola,1409000,True,https://www.lazada.vn/products/pdp-i3051777186.html
Điện thoại di động Siêu CPU Đt Camera 108/72MP điện thoại giá siêu rẻ Android Giao hàng nhận tiền Cấu hình mạnh đỉnh Điện thoại phổ thông Pin trâu 8000mAh gaming phone Hỗ trợ 4G/5G đien thoại giá rẻ nhất Hàng mới về Cellphones,3020546831,https://vn-live-01.slatic.net/p/d311f26453796dee7ff00cdbb4b66388.jpg,1.204.960 ₫,Voucher giảm  41%,,,Hà Nội,O้racl1e021,No Brand,2053564,True,https://www.lazada.vn/products/pdp-i3020546831.html
A55 Nguyên bản mới Mạng 5G điên thoại gia rẻ Hỗ trợ 2 SIM Điện thoại di động 6.8inch điện thoại giá học sinh Bộ nhớ 16+1TB S,3177308534,https://vn-live-01.slatic.net/p/db125efb231c0f005c1addd4fea9386e.jpg,1.199.000 ₫,Voucher giảm  45%,,,Hà Nội,điện tử kỹ thuật số 3C,SOYES,2180000,True,https://www.lazada.vn/products/pdp-i3177308534.html
Oppo A55 Ram 4G/128GB máy zin full chức năng pin 5000 mAh tặng kèm 1 ốp lưng,2634466083,https://vn-live-01.slatic.net/p/7d82b8e793c351829ac528b8b89ed9db.jpg,1.590.000 ₫,Voucher giảm  20%,5.0,1,Hồ Chí Minh,Di Động Khmer Sài Gòn,OPPO,1980000,True,https://www.lazada.vn/products/pdp-i2634466083.html
Điện thoại Panasonic loại to sài tốt. Bảo hành 1 tháng. Giá 1 cái,2563293823,https://filebroker-cdn.lazada.vn/kf/S1cd773d501cf4165a7004acdf912a058b.jpg,130.000 ₫,,5.0,1,Hồ Chí Minh,589NhatTao,No Brand,,True,https://www.lazada.vn/products/pdp-i2563293823.html
Điện thoại di động hoàn toàn mới oqqo Reno9 HD6.7 inch điện thoại thông minh điện thoại di động,3168083069,https://vn-live-01.slatic.net/p/f7ebacee7e6c580885897c230c23537d.jpg,1.080.000 ₫,Voucher giảm  32%,,,Hà Nội,Chỉ vì 3C,SOYES,1580000,True,https://www.lazada.vn/products/pdp-i3168083069.html
Điện thoại di động 7.3inch đt chính hãng Camera108+78MP Điện thoại Vi xử lý 10 nhân handphone Hỗ trợ kiểm tra hàng hóa bán với giá thấp,3167883411,https://sg-test-11.slatic.net/p/84abae3ebf29ac50afa978d386c62274.jpg,968.874 ₫,Voucher giảm  48%,,,Hà Nội,ysa6r589,No Brand,1867717,True,https://www.lazada.vn/products/pdp-i3167883411.html
đien thoại giá rẻ nhất Hàng mới về Điện thoại phổ thông Hỗ trợ 2 SIM Mobile Hỗ trợ 4G/5G đt rẻ đánh mọi gaming nặng chất bán với giá thấp Camera 48+24MP  điện thoại cảm ứng giá rẻ Sạc nhanh điện thoại gia rẻ,3029569650,https://sg-test-11.slatic.net/p/e98e57fe685e849ddeaa0f27a8d6eb1c.jpg,1.412.543 ₫,Voucher giảm  45%,,,Hà Nội,Pzi5i125,No Brand,2571581,True,https://www.lazada.vn/products/pdp-i3029569650.html
sở hữu điện thoại di động giá rẻ S23 Ultra Bán di động ban đầu điện thoại mới ra 16+1T Bán điện thoại di động chính hãng Inch không thấm nước điện thoại chính hãng giá rẻ,2397146128,https://vn-live-01.slatic.net/p/a269fc8be32c6c7051f5e9cbf3f89596.jpg,1.321.989 ₫,Voucher giảm  50%,,,Hà Nội,Chỉ vì 3C,No Brand,2643800,True,https://www.lazada.vn/products/pdp-i2397146128.html
S24 Ultra 2024 Điện Thoại Di Động Mới 5G Thông Minh Android 12GB+512G 7.5inch Màn Hình Đầy Đủ Màn Hình Hd SIM+SD Hỗ Trợ Bluetooth WiFi GPS 6800mah,2655190806,https://sg-test-11.slatic.net/p/ce068594da5b074991d381e51866b9df.jpg,1.390.000 ₫,Voucher giảm  50%,5.0,3,Hà Nội,Trimei Zhenpin,SOYES,2780000,True,https://www.lazada.vn/products/pdp-i2655190806.html
"2023 S23 Ultra Điện thoại di động 6,7 inch Smartphone Pin 6800 mAh thông minh Miễn phí vận chuyển COD",2412694328,https://sg-test-11.slatic.net/p/0fdffe46821c2f46027475ddf9c61928.jpg,1.325.998 ₫,Voucher giảm  50%,,,Hà Nội,tiệm 3C,No Brand,2651996,True,https://www.lazada.vn/products/pdp-i2412694328.html
điện thoại di động giá rẻ S23 Ultra Bán di động ban đầu điện thoại mới ra 16+1T Bán điện thoại di động chính hãng Inch không thấm nước điện thoại di động đt giá học sinh,2616604811,https://vn-live-01.slatic.net/p/0ce463000437e6c728bbcfc794dae886.jpg,1.321.500 ₫,Voucher giảm  50%,,,Hà Nội,Chỉ vì 3C,No Brand,2643000,True,https://www.lazada.vn/products/pdp-i2616604811.html
đánh mọi gaming nặng chất Giao hàng nhận tiền 6.7inch Điện thoại di động Camera 48+24MP điện thoại trung quốc Mạng 5G điện thoại giá rẽ Pin Lớn 6000mAh điện thoại thông minh Hỗ trợ 2 SIMđiện thoại tồn kho mướt,3167195536,https://sg-test-11.slatic.net/p/3fe4ade6c53e32886864424f505e9a60.jpg,1.451.679 ₫,Voucher giảm  42%,,,Hà Nội,ysa6r589,No Brand,2502895,True,https://www.lazada.vn/products/pdp-i3167195536.html
"Điện thoại OPPO A3i 5G (6GB/128GB) Chip Dimensity 6300, Màn hình 120Hz,Rom tiếng việt - Hàng nhập khẩu",3105709571,https://vn-live-01.slatic.net/p/975705eac8c2e4b95d81b7ef08064a54.jpg,3.199.000 ₫,Voucher giảm  13%,5.0,3,Nghệ An,THẮNG THAO MOBILE,OPPO,3690000,True,https://www.lazada.vn/products/pdp-i3105709571.html
"[SALE- RẺ HỦY DIỆT ] Điện thoại 4G giá rẻ Samsung Galaxy A50s 2sim ram 4G/64G, Cấu hình Cao Chiến mọi Game mượt, Chụp ảnh đẹp, máy đủ màuSSMM",2918975032,https://vn-live-01.slatic.net/p/c856e4ac1664c246b51ceec3df3a91f8.jpg,279.000 ₫,,4.940298507462686,67,Hồ Chí Minh,MYSON MOBILE,Samsung,,True,https://www.lazada.vn/products/pdp-i2918975032.html
"Điện thoại di động Galaxy S23 Ultra mới giảm giá lớn 7,5 inch 12GB RAM + 512GB ROM Android 11.0 7800mAh pin lớn wifi bluetooth 5g điện thoại thông minh học trực tuyến",2527663295,https://sg-test-11.slatic.net/p/f767cb817a13b07d9a029a7f28620a0e.jpg,1.360.699 ₫,Voucher giảm  49%,,,Hà Nội,điện tử kỹ thuật số 3C,SOYES,2646200,True,https://www.lazada.vn/products/pdp-i2527663295.html
Điện Thoại Di Động Honor X6c 6GB + 128GB/256GB | Pin 5300mAh | Camera 50MP| NFC | Kháng nước IP64 | BH 18 Tháng,3148005522,https://vn-live-01.slatic.net/p/ab7050da1719febd401eda2964a4ccc6.png,4.490.000 ₫,,5.0,2,Long An,HONOR Vietnam,Honor,4990000,True,https://www.lazada.vn/products/pdp-i3148005522.html
Điện thoại di động hoàn toàn mới oqqo Reno9 HD6.7 inch điện thoại thông minh điện thoại di động,3175098656,https://vn-live-01.slatic.net/p/7c10340464a97cc33e6418f287f92253.jpg,1.340.000 ₫,Voucher giảm  50%,,,Hà Nội,điện tử kỹ thuật số 3C,SOYES,2680000,True,https://www.lazada.vn/products/pdp-i3175098656.html
Điện thoại di động S23 Pro Deal Điện Tử Giảm Đến 50% Android mới 16+512 GB Bán Giá rẻ săn sele máy mới smartphone,2614829868,https://vn-live-01.slatic.net/p/065a8e13951311f8ded1e319494cd0ab.png,1.338.800 ₫,Voucher giảm  50%,,,Hà Nội,Trimei Zhenpin,No Brand,2677600,True,https://www.lazada.vn/products/pdp-i2614829868.html
"Samsung Galaxy J6 - Smartphone tầm trung, thiết kế đẹp, hiệu năng tốt",2621756279,https://filebroker-cdn.lazada.sg/kf/Sc309644e18f048068050f1ab52a52b6b6.png,353.780 ₫,Voucher giảm  53%,5.0,2,Hà Nội,Smartchoice 247,Samsung,760000,True,https://www.lazada.vn/products/pdp-i2621756279.html
Giá Siêu Rẻ S23 Ultra Di Động Chính 6.8Inch Điện Thoại 16+1TB Hai Thẻ Sim Camera 48+72MP Pin 6800mAh Ai Pat Giá Rẻ,2666314381,https://vn-live-01.slatic.net/p/974da76543aa1eece81125311865e177.jpg,1.321.000 ₫,Voucher giảm  50%,,,Hà Nội,Siêu thị 3C giá rẻ,No Brand,2642000,True,https://www.lazada.vn/products/pdp-i2666314381.html
ĐIện thoại chính hãng Samsung Galaxy J4 Plus màn to giá rẻ hỗ trợ 4G LTE Máy Cũ Tân Trang Đẹp,3065969434,https://vn-live-01.slatic.net/p/1bbef2c39f421ed572405e75e735df89.jpg,402.000 ₫,"LazFlash Sale,kết thúc sau 2 ngày",4.62962962962963,27,Hà Nội,Smartchoice 247,Samsung,900000,True,https://www.lazada.vn/products/pdp-i3065969434.html
Điện Thoại Thông Minh Giá Rẻ Galaxy S23 Ultra Mới Điện Thoại Di Động 6.8inch 8+256GB Giá Rẻ 4G/5G Tiết Kiệm Chi Phí Có Thể Lướt Internet,2628004828,https://vn-live-01.slatic.net/p/c031ef3ae8a4f3336cef42cacabba399.jpg,1.190.000 ₫,Voucher giảm  49%,5.0,1,Hà Nội,điện tử kỹ thuật số 3C,No Brand,2320000,True,https://www.lazada.vn/products/pdp-i2628004828.html
S23 Ultra Mobile Phone 7.5 -inch bản gốc mới 512GB ROM +16GB RAM 5G Điện thoại di động Thẻ thông minh Dual Card di động lớn Điện thoại di động Điện thoại di động,2599359541,https://sg-test-11.slatic.net/p/757d3344943414d1558fb0b04511cf77.jpg,1.331.549 ₫,Voucher giảm  50%,,,Hà Nội,Trimei Zhenpin,SOYES,2654299,True,https://www.lazada.vn/products/pdp-i2599359541.html
"[COD] Điện thoại di động chính hãng S23 Ultra 5G Điện thoại di động giá rẻ 7,5 inch 16GB + 512GB hai SIM ở chế độ chờ kép 6800mAh Điện thoại thông minh Android giá rẻ bán giải phóng mặt bằng điện thoại di động",2543637519,https://sg-test-11.slatic.net/p/835002d87856cd146d81fed546240433.jpg,1.359.999 ₫,Voucher giảm  49%,,,Hà Nội,Trimei Zhenpin,SOYES,2654299,True,https://www.lazada.vn/products/pdp-i2543637519.html
Điện thoại Xiaomi Mi 11 Lite 5G Ram 8GB bộ nhớ 128GB chính hãng full chức năng_MBMS,2880131373,https://vn-live-01.slatic.net/p/b80a2fb6a3805e8217b44b4e0154fc56.jpg,267.000 ₫,Voucher giảm  35%,4.791666666666667,72,Hồ Chí Minh,MYSON MOBILE,Xiaomi,409000,True,https://www.lazada.vn/products/pdp-i2880131373.html
điện thoại Samsunq J7 prime 2sim ram 3G bộ nhớ trong 32GB nguyên zin đẹp keng,2793848047,https://vn-live-01.slatic.net/p/ed2516b73da91b0c87a55dbf0bb08c55.jpg,603.911 ₫,"LazFlash Sale,kết thúc sau 7h",4.884615384615385,78,Hồ Chí Minh,Nguyên Lê Store,No Brand,1460000,True,https://www.lazada.vn/products/pdp-i2793848047.html
Điện thoại 2 sim hỗ trợ 4G,2877276991,https://filebroker-cdn.lazada.vn/kf/S8447a2bf91f84612976646f470f4819cP.jpg,155.000 ₫,,5.0,1,Bình Dương,Cummayfull,No Brand,,True,https://www.lazada.vn/products/pdp-i2877276991.html
"[ RẺ VÔ ĐỊCH ] điện thoại 4G Samsung Galaxy S7 Edge ram 4G/32G Chính Hãng, Chiến Game mượt, Chụp ảnh siêu đẹp - BBCMS",2881520195,https://vn-live-01.slatic.net/p/b64dd683c4f42b362500bf45e0f2c215.jpg,278.000 ₫,Voucher giảm  30%,4.809523809523809,21,Hồ Chí Minh,MYSON MOBILE,Samsung,398000,True,https://www.lazada.vn/products/pdp-i2881520195.html
Điện thoại Samsung J7prime sóng 4G 2sim.Loa to sóng khỏe. BẢO HÀNH 6 THÁNG. 1 ĐỔI 1 TRONG 2 THÁNG,2437150867,https://vn-live-01.slatic.net/p/c507a864b97053b85f32ab3e3515db96.jpg,395.000 ₫,,5.0,11,Hải Dương,Shop Điện Thoại 9191,Samsung,,True,https://www.lazada.vn/products/pdp-i2437150867.html
Điện thoại Realme C2 2SIM Cấu hình Ram 2/32G Màn hình tràn viền Pin Trâu,3051561753,https://vn-live-01.slatic.net/p/e2cf29b6947eb9f52be54464d0267127.jpg,678.699 ₫,Voucher giảm  52%,4.975,40,Hồ Chí Minh,Nguyên Lê Store,Motorola,1400000,True,https://www.lazada.vn/products/pdp-i3051561753.html
"Điện thoại người già H11 Sóng 4G 2 Sim loa to, Pin cực trâu 6800mAh - Bảo hành 3 Tháng",3043124968,https://vn-live-01.slatic.net/p/646b73353f254fe11db5260a76667ad1.jpg,289.000 ₫,Voucher giảm  47%,5.0,2,Hồ Chí Minh,Ngọc Xuân Mobile,CC,550000,True,https://www.lazada.vn/products/pdp-i3043124968.html
Điện thoại phổ thông Cấu hình mạnh đỉnh đt giá rẻ chính hãng Sạc nhanh Điện thoại di động Hàng mới về Giao hàng nhận tiền siêu mượt giá rẻ học sinh,3084023074,https://sg-test-11.slatic.net/p/5e58d54b2a2096b8f83b89127268ccdd.jpg,1.040.998 ₫,Voucher giảm  46%,,,Hà Nội,O้racl1e021,No Brand,1927774,True,https://www.lazada.vn/products/pdp-i3084023074.html
"Điện thoại 6300 4G ,Màn hình 2.4inch,pin 1500mAh - Mới Fullbox",3087532746,https://vn-live-01.slatic.net/p/83a03b3dbc6d6f81a037802968fac693.jpg,490.000 ₫,Voucher giảm  29%,5.0,2,Nghệ An,THẮNG THAO MOBILE,Nokia,690000,True,https://www.lazada.vn/products/pdp-i3087532746.html
Điện thoại Samsung Galaxy A06 - Hàng chính hãng,2948306991,https://vn-live-01.slatic.net/p/d3623f42d38c466aa92a658b07a51ae9.png,2.150.000 ₫,,5.0,91,Hồ Chí Minh,iStone Store,Samsung,3190000,True,https://www.lazada.vn/products/pdp-i2948306991.html
"Điện thoại di động chắc chắn Oukitel WP32 Pro, RAM 24Gb(6GB + 18GB),ROM 256GB,Màn hình 6 inch HD,camera 20MP, NFC)",3186819809,https://vn-live-01.slatic.net/p/7815f21471dd53881e9a9de81d034cb4.jpg,1.000.000 ₫,Voucher giảm  50%,,,Đà Nẵng,Minh Quân Mobile 1,No Brand,2000000,True,https://www.lazada.vn/products/pdp-i3186819809.html
BDF M3PRO 8GB/256GB Global Phiên bản 5G Điện thoại thông minh 48MP Camera 67W Sạc điện thoại di động 144Hz,2220789765,https://my-live-01.slatic.net/p/30a41acaa769e8869aadca35280632d6.jpg,930.000 ₫,,5.0,1,China,BDF Tablet PC,BDF,1860000,True,https://www.lazada.vn/products/pdp-i2220789765.html
"[ RẺ HỦY DIỆT ] điện thoại 4G Samsung Galaxy Note 9 ram 6G/128G Chính Hãng, Chiến Game mượt, Chụp ảnh siêu đẹp - CMS",2880763715,https://vn-live-01.slatic.net/p/1cd3cf94df0c1f759c36e5a02fac0e6b.jpg,1.139.000 ₫,Voucher giảm  37%,5.0,22,Hồ Chí Minh,MYSON MOBILE,Samsung,1799000,True,https://www.lazada.vn/products/pdp-i2880763715.html
Điện thoại Samsung galaxy A31 Ram 6G bộ nhớ 128GB  máy zin chính hãng full chức năng,2531333864,https://vn-live-01.slatic.net/p/a4fffa91cb5ffdca6d00c980a321f5e3.jpg,1.294.090 ₫,Voucher giảm  19%,5.0,3,Hồ Chí Minh,Di Động Khmer Sài Gòn,No Brand,1590000,True,https://www.lazada.vn/products/pdp-i2531333864.html
"&lt; GIẢM GIÁ HÓT &gt; ""điện thoại chính hãng giá rẻ Samsung galaxy A10 ( Samsung a10 ) 2sim ram 2G/16G Chính Hãng, Cày Game nặng siêu mượt, full mọi chức năng ,tặng sạc cáp ốp lưng ,bảo hành 12 tháng",2018121695,https://vn-live-01.slatic.net/p/16f63882f054f620e37ea92c5a07e594.jpg,720.000 ₫,Voucher giảm  42%,5.0,15,Hồ Chí Minh, shop thúy diễm ,Samsung,1250000,True,https://www.lazada.vn/products/pdp-i2018121695.html
Điện thoại Xiaomi Qin F22 (No Camera),2432316020,https://filebroker-cdn.lazada.vn/kf/Sd5402cf34d1c4de98667d0235a63aeb5J.jpg,1.790.000 ₫,,5.0,6,Hà Nội,QIN Phone Store,Xiaomi,,True,https://www.lazada.vn/products/pdp-i2432316020.html
SERVO Ultra700 Qwerty Điện Thoại Di Động 4 Thẻ SIM Danh Sách Đen Quay Số Tốc Độ NFC Kiểm Soát Truy Cập GSM Di Động Bàn Phím Đầy Đủ Thiết Kế Type-C,2945790367,https://filebroker-cdn.lazada.vn/kf/S1baddfb9831b4b808ac01ea0513fb6e4d.jpg,721.000 ₫,Mua 4 được Giảm 35%,4.666666666666667,12,China,GlobalLifestyle,SERVO,938000,True,https://www.lazada.vn/products/pdp-i2945790367.html
Điện thoại Samsung Galaxy A7 (2018) Máy Cũ Tân Trang,3066145005,https://vn-live-01.slatic.net/p/50669defcef910475e96d2dbf037cb02.png,925.414 ₫,Voucher giảm  53%,5.0,1,Hà Nội,Smartchoice 247,Samsung,1988000,True,https://www.lazada.vn/products/pdp-i3066145005.html
Vivo Y50 Smartphone 8GB RAM 128GB Storage Snapdragon 665 Octa Core 6.35 inch Display High Battery,3030055996,https://vn-live-01.slatic.net/p/269f46556fc81a33fdc16628888d139b.jpg,1.255.000 ₫,Voucher giảm  37%,4.68,25,Hồ Chí Minh,Phone Mai Mobile,Vivo,1990000,True,https://www.lazada.vn/products/pdp-i3030055996.html
điện thoại giá rẽ đánh mọi gaming nặng chất Cellphones Vi xử lý 10 nhân điện thoại cảm ứng Bộ nhớ 16+1TB Điện Thoại Thông Minh Màn hình AMOLED Smartphone Hỗ trợ tiếng Việt trênmới nguyên bản Mướt game Điện thoại di,3121146505,https://vn-live-01.slatic.net/p/0eb4ccb97e4cb5da32cea55372ca88c6.jpg,1.036.661 ₫,Voucher giảm  42%,,,Hà Nội,O้racl1e021,No Brand,1774698,True,https://www.lazada.vn/products/pdp-i3121146505.html
điện thoại rẻ cho học sinh đánh mọi gaming nặng chất Bán giá rẻ Hàng mới về điện thoại cảm ứng giá rẻ 7.3inch Android Mobile Bộ nhớ 16+1TB dt giá rẻ,3090738233,https://sg-test-11.slatic.net/p/2169cc91f93549d328cb3f5556c3add3.jpg,1.036.072 ₫,Voucher giảm  42%,5.0,1,Hà Nội,ysa6r589,K-TOUCH,1784154,True,https://www.lazada.vn/products/pdp-i3090738233.html
SAMSUNG Galaxy A51 RAM 6GB/128GB Máy đẹp có NFC,2643638569,https://filebroker-cdn.lazada.vn/kf/S31fdc46c30de435e86f07eb31dc9c1a7Y.jpg,1.230.000 ₫,Voucher giảm  32%,4.5,10,Bạc Liêu,Điện Thoại 2T,Samsung,1800000,True,https://www.lazada.vn/products/pdp-i2643638569.html
Điện thoại Samsung galaxy A03 Ram 4G bộ nhớ 64GB máy zin chính hãng full chức năng,2540039028,https://filebroker-cdn.lazada.vn/kf/Saf025fb37ed846b4b0e37ab52d0865fc7.jpg,1.290.000 ₫,Voucher giảm  13%,,,Hồ Chí Minh,Di Động Khmer Sài Gòn,No Brand,1490000,True,https://www.lazada.vn/products/pdp-i2540039028.html
SAMSUNG A30 RAM 4GB/64GB Máy đẹp dùng mượt,2672450529,https://filebroker-cdn.lazada.vn/kf/See9fc6dee12b4d8fac88287c33efa7a3x.jpg,750.000 ₫,Voucher giảm  40%,4.717391304347826,46,Bạc Liêu,Điện Thoại 2T,Samsung,1250000,True,https://www.lazada.vn/products/pdp-i2672450529.html
Xiaomi Redmi note 12 Ram 8GB/128GB pin 5000 mAh máy chính hãng Vân tay Ok,2995168878,https://vn-live-01.slatic.net/p/890c41af91e65cfa31a6fec5347e3820.jpg,2.024.000 ₫,Voucher giảm  8%,5.0,3,Bạc Liêu,ĐIỆN THOẠI GIÁ MỀM 79,Xiaomi,2200000,True,https://www.lazada.vn/products/pdp-i2995168878.html
Điện thoại Huawei Y9 Prime Ram 4G bộ nhớ 128GB máy zin đẹp 99% có google chplay,2526900247,https://vn-live-01.slatic.net/p/7feacefa49e57fe48dda7253c41745e0.jpg,1.480.290 ₫,Voucher giảm  20%,5.0,2,Hồ Chí Minh,Di Động Khmer Sài Gòn,No Brand,1850000,True,https://www.lazada.vn/products/pdp-i2526900247.html
giá rẻ học sinh S23 Ultra đầu điện thoại mới ra 3+32GB Máy ảnh HD 7.3Inch Máy ảnh Pin 6800mAh Hai Thẻ Sim Camera HD 32+64MP rẻ cho học sinh dt giá rẻ chính hãng,2598706763,https://vn-live-01.slatic.net/p/c5976e67d9433fcde5ab90da151a5469.jpg,1.178.000 ₫,Voucher giảm  48%,,,Hà Nội,điện tử kỹ thuật số 3C,No Brand,2260000,True,https://www.lazada.vn/products/pdp-i2598706763.html
Điện thoại Redmi10 Ram 6GB bộ nhớ 128GB máy chính hãng tặng kèm ốp lưng,2321699091,https://vn-live-01.slatic.net/p/bf160c0a3f819655285895ee039ef111.jpg,1.573.390 ₫,Voucher giảm  13%,5.0,2,Hồ Chí Minh,Di Động Khmer Sài Gòn,No Brand,1800000,True,https://www.lazada.vn/products/pdp-i2321699091.html
Điện thoại Redmi Note 9 Ram 4G bộ nhớ 64GB máy zin đẹp mới 99% kèm ốp lưng,2321592583,https://vn-live-01.slatic.net/p/3c192d855dd254f5dea9b5d231eb3523.jpg,1.387.190 ₫,Voucher giảm  13%,5.0,2,Hồ Chí Minh,Di Động Khmer Sài Gòn,No Brand,1590000,True,https://www.lazada.vn/products/pdp-i2321592583.html
Điện thoại giá tốt Samsung Galaxy Note 10 ram 8G/256G Cấu hình Cao Chiến mọi Game mượt Chụp ảnh đẹp - smartphone,2938517332,https://vn-live-01.slatic.net/p/04837cb5c36c045b85f0b99aa20ed64b.jpg,2.484.000 ₫,Voucher giảm  8%,4.0,5,Bạc Liêu,ĐIỆN THOẠI GIÁ MỀM 79,Samsung,2700000,True,https://www.lazada.vn/products/pdp-i2938517332.html
đien thoại giá rẻ nhất Màn hình AMOLED Bán giá rẻ Cấu hình mạnh đỉnh điện thoại chơi game đánh mọi gaming nặng chất Tiếng Việtmướt game Mới 100%,3090624355,https://sg-test-11.slatic.net/p/243b7e51c9fe6513cadfbaa943a30dd3.jpg,1.019.618 ₫,Voucher giảm  43%,5.0,1,Hà Nội,ysa6r589,Amoi,1785324,True,https://www.lazada.vn/products/pdp-i3090624355.html
Samsung A20 RAM 3GB/32GB,2672449481,https://filebroker-cdn.lazada.vn/kf/S5b80516565ae4c5da2a3f24601d1ab27k.jpg,730.000 ₫,Voucher giảm  39%,4.8,20,Bạc Liêu,Điện Thoại 2T,Samsung,1200000,True,https://www.lazada.vn/products/pdp-i2672449481.html
Samsung A750 RAM 6G/128G dùng mượt,2634788092,https://filebroker-cdn.lazada.vn/kf/S2dde05f5751c488f8c5f635b6c17064dN.jpg,820.000 ₫,Voucher giảm  39%,4.7272727272727275,44,Bạc Liêu,Điện Thoại 2T,Samsung,1350000,True,https://www.lazada.vn/products/pdp-i2634788092.html
Samsung galaxy A23 Ram 4GB bộ nhớ 128GB máy zin đẹp 99 full chức năng kèm full phụ kiện,2890413107,https://vn-live-01.slatic.net/p/d2bca6c6509f59b7c0a65cae88dc815b.jpg,1.666.490 ₫,Voucher giảm  12%,5.0,1,Hồ Chí Minh,Di Động Khmer Sài Gòn,No Brand,1890000,True,https://www.lazada.vn/products/pdp-i2890413107.html
"SERVO A50 PRO Có Thể Gập Lại GSM Mở Khóa Điện Thoại Di Động Dual SIM 2.4 ""Type-C Điện Thoại Di Động Tự Động Đài FM Ghi Âm Cuộc Gọi Số Tốc Độ Giọng Nói Ma Thuật",2580946999,https://filebroker-cdn.lazada.vn/kf/S552715ebb6894a5284a3b40a93312b98H.jpg,638.000 ₫,Mua 4 được Giảm 35%,4.026315789473684,78,China,Global Joy,No Brand,829000,True,https://www.lazada.vn/products/pdp-i2580946999.html
Dien Thoại Di Động S23 Ultra 7.3Inch Thông Minh 12+512GB Android Giá Rẻ Hỗ Trợ Bluetooth Sim Kép Pin 6800mAh,2667489275,https://vn-live-01.slatic.net/p/e5b66d4ce603f0cefd63b69d1c411aca.jpg,1.248.000 ₫,Voucher giảm  50%,,,Hà Nội,điện tử kỹ thuật số 3C,No Brand,2496000,True,https://www.lazada.vn/products/pdp-i2667489275.html
2023 Điên Thoại S23 Ultra Di Động Chính Hãng 7.3Inch Điện Thoại 8+256GB Thẻ Sim Camera 50+108MP Pin 6800mAh Điện Thoại Ai Pat Giá Rẻ,2633430668,https://vn-live-01.slatic.net/p/f0cd402a188adfee29438c1382c316d0.jpg,1.248.800 ₫,Voucher giảm  50%,1.0,1,Hà Nội,điện tử kỹ thuật số 3C,No Brand,2496000,True,https://www.lazada.vn/products/pdp-i2633430668.html
Điện thoại Xiaomi Mi 11 Lite 5G Rom Quốc tế tiếng Việt - Snapdragon 780G ram 8G 128G,2160082267,https://vn-live-01.slatic.net/p/38f0e42163ace1eb872ac0d3699804f1.jpg_1500x1500q80.jpg,2.828.000 ₫,Voucher giảm  42%,4.590909090909091,22,Nghệ An,TheLinhStore,Xiaomi,4868000,True,https://www.lazada.vn/products/pdp-i2160082267.html
"Điện Thoại Sharp Aqous R SHV39 - Chip 835, Ram 4gb, Bộ Nhớ 64GB",676662125,https://vn-live-01.slatic.net/p/e9293328a34b3ca871bac6adfc3c4535.jpg,999.000 ₫,,4.8125,32,Hà Nội,Japan Mobile,Sharp,,True,https://www.lazada.vn/products/pdp-i676662125.html
"Xiaomi Qin F22 Pro New Fullbox Quốc Tế - Sẵn cửa hàng CH Play, Full Tiếng Việt bàn phím cứng T9 tiếng việt như Nokia",2385823081,https://vn-live-01.slatic.net/p/636eba05f0138c37d9f0aa66e66c366e.jpg,3.150.000 ₫,Voucher giảm  21%,4.428571428571429,14,Hải Phòng,Xiaomi Qin Việt Nam,Xiaomi,3990000,True,https://www.lazada.vn/products/pdp-i2385823081.html
"[ RẺ VÔ ĐỊCH ] điện thoại 4G Samsung Galaxy S7 Edge 2sim ram 4G/32G Chính Hãng Chiến Game mượt, Chụp ảnh siêu đẹp - máy đủ màu CMSS",2881533173,https://vn-live-01.slatic.net/p/96533d22d5d91a37788cdc3bdb0cdf19.jpg,278.000 ₫,Voucher giảm  9%,4.2,30,Hồ Chí Minh,MYSON MOBILE,Samsung,307000,True,https://www.lazada.vn/products/pdp-i2881533173.html
2024 New S24 Ultra điện thoại thông minh 7.3 inch Android 3G/4G/5G giá rẻ 12GB/512GB 8000mAh điện thoại rẻ cho học sinh Hai SIM Với bút,2925058611,https://vn-live-01.slatic.net/p/b2c4ab0e25ef940a7cde8d7c8bfa498a.jpg,1.488.377 ₫,Voucher giảm  53%,3.9130434782608696,23,Hà Nội,Siêu thị 3C giá rẻ,SOYES,3196000,True,https://www.lazada.vn/products/pdp-i2925058611.html
điện thoại X4 GT giá rẻ 7.2inch đt giá học sinh Bộ nhớ 16+1TB điên thoại giá học sinh Camera108+72MP đt giá siêu rẻ pin trâu 6800mAh Android Điện thoại di động,2952756003,https://vn-live-01.slatic.net/p/ee97f4e86f08ac959577f48169092372.jpg,1.109.096 ₫,Voucher giảm  41%,,,Hà Nội,O้racl1e021,No Brand,1879824,True,https://www.lazada.vn/products/pdp-i2952756003.html
"điện thoại VlV0 Y17- 2Sim ram 8G/256G, Pin 5000mah, Camera sắc nét, Chiến Game Nặng mượt",3172002485,https://vn-live-01.slatic.net/p/d865ed3d65538c55b9ac8d73bff4b5be.jpg,1.145.000 ₫,Voucher giảm  34%,5.0,6,Đăk Lăk,HOANG MOBILE 47,No Brand,1745000,True,https://www.lazada.vn/products/pdp-i3172002485.html
"Xiaomi Redmi 13C 5G Smartphone 8GB RAM 256GB ROM Dual Rear Cameras 50MP 6.74"" IPS LCD Helio G85 Battery 5000mAh Fast Charging - Official Store",3066868573,https://vn-live-01.slatic.net/p/c17a6f70a2a86de13990d8fb31296d90.png,2.399.000 ₫,Voucher giảm  45%,4.813559322033898,58,Hà Nội,Rex.Home,Redmi,4399000,True,https://www.lazada.vn/products/pdp-i3066868573.html
"Điện thoại thông minh 2024 S24 Ultra| Android 7,3 inch, 3G / 4G / 5G, Giá cả phải chăng 6GB / 128GB, Màn hình Full HD, SIM kép, Stylus, GPS, Thân thiện với sinh viên",2938613797,https://vn-live-01.slatic.net/p/bf8b40b692e7ef8f57c4bfbaebf837b3.png,1.596.672 ₫,Voucher giảm  53%,,,Hà Nội,Siêu thị 3C giá rẻ,SOYES,3430016,True,https://www.lazada.vn/products/pdp-i2938613797.html
điện thoại 0PP0 A53 (8/256GB) |Cấu hình Cao Chiến mọi Game mượt - Hàng chính hãng Bảo hành 12 tháng,3172054823,https://vn-live-01.slatic.net/p/e29f0617d0e8a0d0a52291811769508c.jpg,1.445.000 ₫,Voucher giảm  36%,5.0,3,Đăk Lăk,HOANG MOBILE 47,No Brand,2245000,True,https://www.lazada.vn/products/pdp-i3172054823.html
Điện thoại Mướt Game Bộ nhớ 16+512GB Điện thoại di động Cấu hình mạnh đỉnh giá bán rẻ Sạc nhanh đt giá rẻ cho hs Android Chính Hãng điện thoại giá rẻ,3082229188,https://vn-live-01.slatic.net/p/47e35019c42612c5a0475e83e38fad1c.jpg,1.117.383 ₫,Voucher giảm  42%,3.0,2,Hà Nội,Pzi5i125,No Brand,1915994,True,https://www.lazada.vn/products/pdp-i3082229188.html
Samsung A70 RAM 6GB/128GB Chip Snapdragon,2823257979,https://filebroker-cdn.lazada.vn/kf/S46e01d260c0c4e548830db22301b64ea9.jpg,1.225.000 ₫,Voucher giảm  32%,5.0,5,Bạc Liêu,Điện Thoại 2T,Samsung,1800000,True,https://www.lazada.vn/products/pdp-i2823257979.html
Điện Thoại Samsung Galaxy A06 5G 6GB/128GB,3059799002,https://filebroker-cdn.lazada.vn/kf/S37837a574ebe4423a16d05bb49c67a5dp.jpg,3.299.000 ₫,,4.967741935483871,93,Hồ Chí Minh,Samsung Store,Samsung,4490000,True,https://www.lazada.vn/products/pdp-i3059799002.html
Xiaomi 10pro Redmi K30pro Power Ic Baseus Sdx55m Snapdragon 865 Sm8250 Cpu Lưới Hàn Điện Thoại Di Động Thành Phần,2830494368,https://filebroker-cdn.lazada.vn/kf/S34585e6c70ca4ed89c11980cb11f276fV.jpg,84.000 ₫,,,,Hong Kong,TB EL SHOP,No Brand,,True,https://www.lazada.vn/products/pdp-i2830494368.html
điện thoại giá siêu rẻ S23 Ultra mới 100% 7.3Inch thông minh 3+32GB bộ nhớ lớn di động máy CHÍNH HÃNG Vô cực mượt Chơi Game nặng mướt Chơi,2623336689,https://vn-live-01.slatic.net/p/479e9edd74bd4dd2bd94a13c198930e5.jpg,1.148.990 ₫,Voucher giảm  45%,,,Hà Nội,điện tử kỹ thuật số 3C,No Brand,2077980,True,https://www.lazada.vn/products/pdp-i2623336689.html
"AliExpress Bùng Nổ Điện Thoại Di Động Xuyên Biên Giới S24ultra 1 16g6, 8 Inch Điện Thoại Thông Minh Tất Cả Trong Một Nhà Máy Nguồn",3058354646,https://vn-live-01.slatic.net/p/d177f25dc306ee9db6e46058975ddd93.jpg_webp,1.014.393 ₫,Voucher giảm  20%,,,Lào Cai,Towns kỹ thuật số,No Brand,1267992,True,https://www.lazada.vn/products/pdp-i3058354646.html
Điện thoại thông minh REDMI Note 14 (6+128GB | 8+128G | 8+256G) | Camera AI 108MP | MediaTek Helio G99-Ultra | Pin 5500mAh,3014255425,https://vn-live-01.slatic.net/p/153a7c2ee743613e32de684fea4d4fc1.jpg,4.790.000 ₫,,4.9489051094890515,137,Bình Dương,Xiaomi Official Store,Redmi,4990000,True,https://www.lazada.vn/products/pdp-i3014255425.html
Điện thoại Samsung Note 10 Plus Mỹ 1 sim ram 12/256 Snap 855,2620726802,https://vn-live-01.slatic.net/p/df80e969f3c977f08321c3599fec7390.png,3.898.000 ₫,Voucher giảm  15%,,,Hồ Chí Minh,Di Động 68 HCM,Samsung,4598000,True,https://www.lazada.vn/products/pdp-i2620726802.html
điện thoại chính hãng giá rẻ S23 Ultra Di Động Chính Hãng 7.3Inch Điện Thoại Di Động Bộ Nhớ Lớn 16+512GB Hai Thẻ Sim Camera 32+64MP Pin 6800mAh Điện thoại thông minh,2483735945,https://vn-live-01.slatic.net/p/6744da8aa00a25d4e027eec7cec251a6.jpg,1.276.880 ₫,Voucher giảm  50%,,,Hà Nội,Chỉ vì 3C,No Brand,2553760,True,https://www.lazada.vn/products/pdp-i2483735945.html
Điện thoại Xiaomi Redmi 13 (6GB/128GB) - Chính Hãng,2484389320,https://vn-live-01.slatic.net/p/665a1b041bad66981ec9a82627d2c57d.jpg,2.890.000 ₫,Voucher giảm  33%,4.994623655913978,372,Hà Nội,Hoàng Hà Mobile,Xiaomi,4290000,True,https://www.lazada.vn/products/pdp-i2484389320.html
"&lt; TRỢ GIÁ RẺ &gt; Điện thoại chính hãng Samsung galaxy A30S Ram 4/64Gb ,Máy mới leng keng ,Cấu hình mạnh cân mọi game nặng ,lướt wed xem fim tiktok zalo fb thoải mái ,máy được bảo hành 12 tháng",2154532236,https://filebroker-cdn.lazada.vn/kf/S45aff5996cea495b8dc762907d1434f6S.jpg,1.186.000 ₫,Voucher giảm  39%,5.0,11,Hồ Chí Minh, shop thúy diễm ,Samsung,1950000,True,https://www.lazada.vn/products/pdp-i2154532236.html
Điện Thoại Di Động S23 Ultra Chính Hãng 7.3Inch Bộ Nhớ Lớn 16+512GB Hai Thẻ Sim Camera HD 32+64MP Pin 6800mAh Điện Thoại Trung Quốc,2656663943,https://vn-live-01.slatic.net/p/6b0aedb28627f6444b06a9da56113cca.jpg,1.216.500 ₫,Voucher giảm  50%,,,Hà Nội,điện tử kỹ thuật số 3C,No Brand,2433000,True,https://www.lazada.vn/products/pdp-i2656663943.html
Điện thoại cao cấp đánh mọi gaming nặng chất đt giá rẻ cho hs Camera 48/24MP điện thoại giá siêu rẻ Sạc nhanh Feature phones Cấu hình mạnh đỉnh,3045905809,https://sg-test-11.slatic.net/p/135d6f63433c336b184df804a56ae789.jpg,1.005.856 ₫,Voucher giảm  46%,,,Hà Nội,Pzi5i125,No Brand,1855029,True,https://www.lazada.vn/products/pdp-i3045905809.html
Điện thoại di động HTC Wildfire E3 lite (4GB/64GB) - Chính hãng,2435617043,https://vn-live-01.slatic.net/p/df7cfbf62969889ae4a1461ca23d3292.png,1.750.000 ₫,Voucher giảm  41%,4.565217391304348,23,Hồ Chí Minh,Hoàng Hà Mobile,HTC,2990000,True,https://www.lazada.vn/products/pdp-i2435617043.html
sở hữu Điện thoại S23 Ultra mới 100% Android 6.8inch 2 SIM Cuộc gọi Chơi trò chơi thông minh 16+512GB máy CHÍNH HÃNG Vô cực  nặng mướt Chơi Game,2601959261,https://vn-live-01.slatic.net/p/2f9c9e26813b83ed2e513a6882b690f3.jpg,1.286.900 ₫,Voucher giảm  50%,,,Hà Nội,điện tử kỹ thuật số 3C,No Brand,2558000,True,https://www.lazada.vn/products/pdp-i2601959261.html
Điện Thoại Di Động chính hãngS22 Ultra Điện Thoại Di Động Màn Hình Full HD 6.8Inch Bộ Nhớ 3+32GB Hai Thẻ Sim Camera HD Pin 6000mAh chính hãng giá rẻ,2372834033,https://vn-live-01.slatic.net/p/e53fb02d446679694e998454f2417987.jpg,1.183.900 ₫,Voucher giảm  48%,,,Hà Nội,điện tử kỹ thuật số 3C,No Brand,2265800,True,https://www.lazada.vn/products/pdp-i2372834033.html
"Điện thoại thông minh REDMI 13 (6+128G | 8+128G) | Màn hình lớn 6.79"" FHD+ | Camera 108MP siêu rõ | MediaTek Helio G91-Ultra",3014249921,https://vn-live-01.slatic.net/p/0c28415c15cd5358f414fc4f81e1e765.jpg,2.990.000 ₫,,5.0,26,Bình Dương,Xiaomi Official Store,Redmi,4290000,True,https://www.lazada.vn/products/pdp-i3014249921.html
Newman 4G Màn Hình Kép Điện Thoại Di Động Lật Toàn Mạng Chờ Lâu Thiết Kế Thân Thiện Với Công Dân Cao Cấp Nhỏ Gọn Và Di Động,2879941383,https://filebroker-cdn.lazada.vn/kf/Sb57a050f8a744a9bb4bb7172d58a8694B.jpg,841.000 ₫,Mua 4 được Giảm 35%,4.0,12,Nước ngoài,GlobalWonderShop,No Brand,1093000,True,https://www.lazada.vn/products/pdp-i2879941383.html
dt giá rẻ đánh mọi gaming nặng chất điện thoại Hỗ trợ 4G/5G đt rẻ Màn hình AMOLED điện thoại việt nam Hỗ trợ kiểm tra hàng hóa Giao hàng nhận tiền,3063383164,https://sg-test-11.slatic.net/p/7af20b336bade65b81f4b3ecee53677d.jpg,945.789 ₫,Voucher giảm  42%,,,Hà Nội,O้racl1e021,No Brand,1621903,True,https://www.lazada.vn/products/pdp-i3063383164.html
Điên Thoại Di Động Giá Học Sinh S23 Ultra 7.3Inch Bộ Nhớ Lớn 6+128GB Camera 32+64MP Pin 6800mAh Điện Thoại Di Động Chính Hãng Giá Rẻ,2618732631,https://vn-live-01.slatic.net/p/f0e4c9d4e6c8799e432cb29534866f8e.jpg,1.197.900 ₫,Voucher giảm  49%,,,Hà Nội,điện tử kỹ thuật số 3C,No Brand,2335800,True,https://www.lazada.vn/products/pdp-i2618732631.html
Điện thoại di động mới Galaxy+ S23 Ultra 7.3 inch 2 SIM Smartphone 4G/5G thông minh Pin 6800mAh rẻ cho học sinh COD Android giá rẽ,2333686013,https://vn-live-01.slatic.net/p/03a384232e6635d4157adc8ae24cc18a.jpg,1.860.000 ₫,,,,Hà Nội,điện tử kỹ thuật số 3C,No Brand,,True,https://www.lazada.vn/products/pdp-i2333686013.html
Điện Thoại Samsung Galaxy A06 5G 4GB/128GB - Hàng Chính Hãng,3068980842,https://vn-live-01.slatic.net/p/eb1a07aca74171551bc78f20a30662df.jpg,2.776.000 ₫,,5.0,2,Bến Tre,Hồng Hạnh Mobile Mall,Samsung,4490000,True,https://www.lazada.vn/products/pdp-i3068980842.html
Điện thoại S23 Ultra 7.3Inch Di Động Chính Hãng 12+512GB di động máy CHÍNH HÃNG Vô cực mượt Chơi Game ai pat giá rẻ Deal Điện Tử Giảm Đến 50%,2417255429,https://vn-live-01.slatic.net/p/d41c1d23fe659a5f4e1e79754d8f68d4.jpg,1.288.560 ₫,Voucher giảm  50%,,,Hà Nội,Siêu thị 3C giá rẻ,No Brand,2576000,True,https://www.lazada.vn/products/pdp-i2417255429.html
đt rẻ Hỗ trợ kiểm tra hàng hóa Điện thoại di động Siêu CPU Đt Pin trâu 6800mAh điên thoại gia rẻ 7.3inch New Arrival,3169940164,https://sg-test-11.slatic.net/p/9efef7cf5fb2181cd221f6dadbc9dc7f.jpg,941.409 ₫,Voucher giảm  45%,,,Hà Nội,O้racl1e021,No Brand,1702026,True,https://www.lazada.vn/products/pdp-i3169940164.html
đt siêu rẻ Camera 72+48MP Điện Thoại Thông Minh Giao hàng nhận tiền Vi xử lý 10 nhân Android phone Siêu CPU điện thoại gaming dt giá rẻ,3169878955,https://sg-test-11.slatic.net/p/596ac1252089f22c78628378a4b8c070.jpg,1.099.847 ₫,Voucher giảm  47%,,,Hà Nội,O้racl1e021,No Brand,2068682,True,https://www.lazada.vn/products/pdp-i3169878955.html
Điện thoại thông minh Honor X7c 16(8+8)GB + 256GB | Pin 6000mAh sạc nhanh 35W | Camera 108MP|Chip Snapdragon 685| Loa kép | Kháng nước IP64 | BH 18 Tháng Hàng chính hãng,2836739334,https://vn-live-01.slatic.net/p/6c2a882c2c462233312d3b4823a3b588.png,4.589.000 ₫,,4.932203389830509,59,Long An,HONOR Vietnam,Honor,5490000,True,https://www.lazada.vn/products/pdp-i2836739334.html
"Điện thoại Nubia V70 Max 8(4+4)GB/128GB I Pin 6000mAh I 6.9""120Hz I Chống rơi vỡ*",3048707585,https://sg-test-11.slatic.net/p/d4770cece1ef841e13bc6977d3a2caf6.jpg,2.350.000 ₫,,5.0,16,Hồ Chí Minh,Nubia Redmagic,nubia,2790000,True,https://www.lazada.vn/products/pdp-i3048707585.html
đt giá học sinh Chính Hãng điện thoại pin trâu Màn hình lớn 6.7 inch điện thoại rẻ nhất Pin trâu 6800mAh điện thoại rẻ Màn hình AMOLED điện thoại gaming Siêu CPU điện thoại cảm ứng giá rẻ Android Đt Siêu mượt đ𝗂ện thoạ𝗂 chính hãng g𝗂á rẻ,3065335097,https://vn-live-01.slatic.net/p/1b15467f686403654fdb4010655ba7a9.jpg,1.101.738 ₫,Voucher giảm  48%,,,Hà Nội,Pzi5i125,No Brand,2104175,True,https://www.lazada.vn/products/pdp-i3065335097.html
Điện thoại smartphone 0PP0 A3S chính hãng,2374196581,https://vn-live-01.slatic.net/p/b30cc2fa69844ceab2d695bddad18e3c.jpg,999.000 ₫,,,,Quảng Ngãi,Thế Giới Điện Thoại Hải Anh,OPPO,,True,https://www.lazada.vn/products/pdp-i2374196581.html
giá bán rẻ Hàng mới về Feature phones Sạc nhanh Nguyên bản mới Pin trâu 5000mAh điện thoại thông minh bản Quốc tế Giao hàng nhận tiền Màn hình lớn 7.3 inchĐiện Thoại Thông Minh siêu mượt đt giá rẻ chính hãng Chính Hãn,3169921290,https://sg-test-11.slatic.net/p/b62a0a8515c819924da0ca9dca4535fe.jpg,1.368.337 ₫,Voucher giảm  47%,,,Hà Nội,O้racl1e021,No Brand,2581768,True,https://www.lazada.vn/products/pdp-i3169921290.html
Camera 64+32MP dt giá rẻ Thẻ 2 sim viettel giá rẻ Smartphone Pin Lớn 6800mAh Điện thoại di động Tiếng Việt Mobilephone Android Feature phones,3121059845,https://sg-test-11.slatic.net/p/e3eaee77d2d63bbb936ea839148e5e1d.jpg,1.194.714 ₫,Voucher giảm  48%,,,Hà Nội,Pzi5i125,No Brand,2297527,True,https://www.lazada.vn/products/pdp-i3121059845.html
điện thoại Giá Rẻ 6.7inch Màn hình FHD giá rẻ học sinh Android Siêu CPU Bộ nhớ 12+512GB Hàng Chính Hãng Android gaming phone đt giá rẻ chính hãng,2300869235,https://vn-live-01.slatic.net/p/358e5fc6401bc012ec4f2252197187f8.jpg,1.211.099 ₫,Voucher giảm  43%,,,Hà Nội,O้racl1e021,No Brand,2124735,True,https://www.lazada.vn/products/pdp-i2300869235.html
Đt đánh mọi gaming nặng chất điên thoại mướt game đt giá rẻ chính hãng Camera 108+72MP điện thoại thông minh bản Quốc tế Cellphones,2608128307,https://vn-live-01.slatic.net/p/e886ab0785048210ceb3e27fc6268264.jpg,1.023.934 ₫,Voucher giảm  48%,,,Hà Nội,ysa6r589,No Brand,1969104,True,https://www.lazada.vn/products/pdp-i2608128307.html
JIAYOU MIX SE bàn phím chuột ăn gà 5 miếng bộ đa chức năng điện thoại di động trò chơi chuyển đổi,3182289818,https://sg-test-11.slatic.net/p/27f7c2a011ac170df75cf995e7e036d6.jpg,128.720 ₫,Voucher giảm  47%,,,Hồ Chí Minh,Sumange‌,No Brand,245000,True,https://www.lazada.vn/products/pdp-i3182289818.html
BABY Có thể sạc lại Bàn phím gập không dây mini Thiết kế mỏng Bàn phím Bluetooth Bàn phím điện thoại di động Di động Bàn phím có thể gập lại Du lịch,3152594379,https://sg-test-11.slatic.net/p/7e8695e4930bcb425c30129b2571ea32.jpg,232.000 ₫,Voucher giảm  62%,4.333333333333333,3,China,Baby beares,No Brand,606000,True,https://www.lazada.vn/products/pdp-i3152594379.html
JIAYOU MIX SE bàn phím chuột ăn gà 5 miếng bộ đa chức năng điện thoại di động trò chơi chuyển đổi,3182281882,https://sg-test-11.slatic.net/p/27f7c2a011ac170df75cf995e7e036d6.jpg,128.720 ₫,Voucher giảm  47%,,,Hồ Chí Minh,ketnOAMT,No Brand,245000,True,https://www.lazada.vn/products/pdp-i3182281882.html
Bộ làm mát điện thoại di động PUGB Chơi game Bộ điều khiển di động Quạt làm mát Tản nhiệt đa năng SL17 phukiengame,3153038456,https://sg-test-11.slatic.net/p/0a77963a3eccdf1b2a7b0ccae4135627.jpg,104.900 ₫,Voucher giảm  22%,5.0,1,Hồ Chí Minh,ketnOAMT,No Brand,135079,True,https://www.lazada.vn/products/pdp-i3153038456.html
Bộ làm mát điện thoại di động PUGB Chơi game Bộ điều khiển di động Quạt làm mát Tản nhiệt đa năng SL17 phukiengame,3153419484,https://sg-test-11.slatic.net/p/bc0e3bc51ca5fee2b40b0f2bc666ee9d.jpg,95.000 ₫,Voucher giảm  37%,5.0,1,Hồ Chí Minh,ketnOAMT,No Brand,150000,True,https://www.lazada.vn/products/pdp-i3153419484.html
"(Giao hàng ngay) Bàn phím bluetooth không dây mini HP 10 inch / chuột không dây cho điện thoại di động và máy tính bảng, các màu có sẵn",1594428152,https://vn-live-01.slatic.net/p/eb5c52b5394ef3304fae43ff58e4873a.jpg,89.000 ₫,Voucher giảm  50%,4.761489237929029,1718,Hồ Chí Minh,MOZOE,OEM,178000,True,https://www.lazada.vn/products/pdp-i1594428152.html
(Giao hàng ngay) Bàn phím bluetooth không dây mini HP 10 inch / chuột không dây cho điện thoại di động và máy tính bảng các màu có sẵn,2880467880,https://vn-live-01.slatic.net/p/2a84e0e9a7a3424b2f65b77978f4a178.jpg,137.500 ₫,Voucher giảm  31%,5.0,3,Hồ Chí Minh,Vietstore24h,No Brand,200000,True,https://www.lazada.vn/products/pdp-i2880467880.html
"Điện thoại Nokia 105 4G Pro - Hàng chính hãng - Màn hình IPS LCD 1.77'', hổ trợ 4G, Pin 1450 mAh",2773731549,https://sg-test-11.slatic.net/p/f8bb316943baf6dc99c1bdb6ebe5d15c.jpg,575.000 ₫,Voucher giảm  33%,4.7894736842105265,19,Hà Nội,Cosette,No Brand,859000,True,https://www.lazada.vn/products/pdp-i2773731549.html
Camera nội soi chống nước công nghiệp HD 3 trong 1 Thích hợp cho máy tính bảng và điện thoại di động,3100483639,https://sg-test-11.slatic.net/p/a268de885616cde5ff90fbc75f7cd6dc.jpg,89.000 ₫,,,,Hồ Chí Minh,Phukienonline247,No Brand,,True,https://www.lazada.vn/products/pdp-i3100483639.html
điện thoại màn hình to giá rẻ Vi xử lý 10 nhân đt giá siêu rẻ Pin trâu 6800mAh điện thoại giá rẻ đánh mọi gaming nặng chất Tiếng Việt Android đt rẻ,2963571647,https://vn-live-01.slatic.net/p/c9bd6a92f92fbf6eea595fb318ce7c26.jpg,1.113.961 ₫,Voucher giảm  44%,3.6666666666666665,3,Hà Nội,O้racl1e021,No Brand,1993238,True,https://www.lazada.vn/products/pdp-i2963571647.html
"Blesiya Điện Thoại Có Dây Treo Di Động, Dây Treo Tường Gia Đình, Điện Thoại Kinh Doanh Văn Phòng",1407677826,https://vn-live-01.slatic.net/p/506ae99ea20988d32d82e2749b428763.jpg,257.000 ₫,,5.0,1,China,Blesiya,Blesiya,429000,True,https://www.lazada.vn/products/pdp-i1407677826.html
S23 Ultra 7.5 inch máy điện thoại di động 5G màn hình điện thoại WiFi 120Hz 16GB + 512ROM 6800mah điện thoại di động với có camera kép thẻ SIM điện thoại Android thông minh trò chơi trò chơi điện thoại di động rẻ tiền lớn,2560889335,https://sg-test-11.slatic.net/p/14e5b0cbf21286737f3781adf56171e2.jpg,1.363.099 ₫,Voucher giảm  48%,,,Hà Nội,điện tử kỹ thuật số 3C,SOYES,2646200,True,https://www.lazada.vn/products/pdp-i2560889335.html
Deal Điện Tử Giảm Đến 50% Galaxy S23 Ultra 6.8Inches Hiệu suất cao 16+1TB Pin 6800mAh Thẻ Sim đôi Điện Thoại Di Động,2589109974,https://vn-live-01.slatic.net/p/99bd2ebe5bb496fa791afd1382dfb0af.jpg,1.176.000 ₫,Voucher giảm  45%,,,Hà Nội,điện tử kỹ thuật số 3C,No Brand,2140000,True,https://www.lazada.vn/products/pdp-i2589109974.html
"điện thoại A55 5G (0 p p o - A55.) Chính Hãng 2sim ram 8G/256G, Máy mới nguyên sill ,gồm sạc cáp ốp lưng Cấu hình cao, Cày Game chất, Bảo hành 12 tháng",2137694120,https://vn-live-01.slatic.net/p/21f70f0bb645824fd2b3148907ebc983.jpg,1.679.000 ₫,Voucher giảm  43%,5.0,11,Hồ Chí Minh, shop thúy diễm ,No Brand,2950000,True,https://www.lazada.vn/products/pdp-i2137694120.html
Điện thoại Sharp R6 Nhật Ram 12/128 Snap 888 Zin Đẹp,2590726513,https://vn-live-01.slatic.net/p/0d5765644369f9a5f09d8291bbe83ae5.png,4.398.000 ₫,Voucher giảm  17%,5.0,2,Hồ Chí Minh,Di Động 68 HCM,Sharp,5290000,True,https://www.lazada.vn/products/pdp-i2590726513.html
Nguyên bản mới Mạng 5G điên thoại gia rẻ Hỗ trợ 2 SIM Điện thoại di động 6.8inch điện thoại giá học sinh Bộ nhớ 16+1TB Siêu CPU đt thông minh giá rẻ,3169453898,https://vn-live-01.slatic.net/p/4ea3d39662594b4f871f64091300512f.jpg,1.080.000 ₫,Voucher giảm  36%,,,Hà Nội,điện tử kỹ thuật số 3C,SOYES,1680000,True,https://www.lazada.vn/products/pdp-i3169453898.html
Điện thoại di động tầm cao S23Ultra2023 chính hãng NEW7.3 inch HD 16+1TB bộ nhớ lớn 48+108MP HD chụp ảnh điện thoại di động học tập hỗ trợ wifi 5G pin lớn pin lớn 7800mAh điện thoại thông minh ...,2364104272,https://vn-live-01.slatic.net/p/1a3e24ade608ef37a669d2ec05dd83e1.jpg,1.556.783 ₫,Voucher giảm  50%,,,Hà Nội,Chỉ vì 3C,No Brand,3113566,True,https://www.lazada.vn/products/pdp-i2364104272.html
2024 Original S23 Ultra Android 48MP + 72MP Thẻ SIM Kép 4G/5G 6800mAh 16GB + 1TB 7.3 Inch  Điện Thoại Di Động,2565582800,https://sg-test-11.slatic.net/p/aa884c180d5e9dad2331c4ed27cb9730.jpg,1.357.468 ₫,Voucher giảm  50%,,,Hà Nội,tiệm 3C,No Brand,2714936,True,https://www.lazada.vn/products/pdp-i2565582800.html
Điện thoại Redmi 9A bộ nhớ 32GB máy chính hãng tặng 1 kính cường lực 1 ốp lưng,2557022867,https://vn-live-01.slatic.net/p/1c121f6bc8a1bac335ad1af34df6c06f.jpg,1.014.790 ₫,Voucher giảm  12%,5.0,1,Hồ Chí Minh,Di Động Khmer Sài Gòn,No Brand,1150000,True,https://www.lazada.vn/products/pdp-i2557022867.html
Điện thoại Xiaomi Redmi 8 Ram 4GB bộ nhớ 64GB máy zin full chức năng pin 6000 mAh tặng kèm 1 ốp lưng,2634653587,https://vn-live-01.slatic.net/p/8e7dee17b6a850d25eb80583e7784dbe.jpg,1.290.000 ₫,Voucher giảm  8%,5.0,1,Hồ Chí Minh,Di Động Khmer Sài Gòn,Xiaomi,1400000,True,https://www.lazada.vn/products/pdp-i2634653587.html
Giá Rẻ Học Sinh，S23 Ultra Điện Thoại Chính Hãng Giá Rẻ 7.3Inch Điện Thoại Di Động Bộ Nhớ Lớn 16+512GB Hai Thẻ Sim Camera 32+64MP Pin 6800mAh Chính Hãng Giá Rẻ,2635415603,https://vn-live-01.slatic.net/p/0dd2bff6632c18bcd9358e4b71106f60.jpg,1.237.990 ₫,Voucher giảm  50%,,,Hà Nội,điện tử kỹ thuật số 3C,No Brand,2457980,True,https://www.lazada.vn/products/pdp-i2635415603.html
Điện thoại giá rẻ Trung Quốc Hỗ trợ 2 SIM đt chính hãng Android điện thoại giá 1kk Hỗ trợ kiểm tra hàng hóa handphone Giảm giá sốc bán với giá thấp,3074844770,https://sg-test-11.slatic.net/p/2806045b5328138208c4345c30a6c89d.jpg,1.015.119 ₫,Voucher giảm  47%,,,Hà Nội,Pzi5i125,No Brand,1909161,True,https://www.lazada.vn/products/pdp-i3074844770.html
đt giá rẻ chính hãng Camera 48+24MP Điện thoại giá rẻ Trung Quốc Hỗ trợ kiểm tra hàng hóa giá rẻ học sinh Hàng mới về Điện thoại Siêu CPU Mobile,3162138154,https://sg-test-11.slatic.net/p/f055af5827fde28ee9f88af8a0bfcfb6.jpg,1.188.554 ₫,Voucher giảm  47%,,,Hà Nội,ysa6r589,No Brand,2225277,True,https://www.lazada.vn/products/pdp-i3162138154.html
"Điện thoại Honor X9c 5G 12GB + 256GB | Pin 6600mAh, Camera 108MP | Bảo hành 18 Tháng| Hàng Chính Hãng",2944455536,https://vn-live-01.slatic.net/p/1eb885ce7175940847f8c8dbcc108bf1.png,8.589.000 ₫,,4.963636363636364,54,Long An,HONOR Vietnam,Honor,11490000,True,https://www.lazada.vn/products/pdp-i2944455536.html
Điện Thoại Di Động giá rẻ S23 Ultra Chính Hãng Murah Màn Hình Full HD 7.3Inch Bộ Nhớ 3+32GB Hai Thẻ Sim Camera HD 32+64MP Pin 6800mAh chính hãng giá rẻ,2380571001,https://vn-live-01.slatic.net/p/58d5d9004c63fcbab4ad61b095afdc3e.jpg,1.174.700 ₫,Voucher giảm  48%,,,Hà Nội,điện tử kỹ thuật số 3C,No Brand,2247800,True,https://www.lazada.vn/products/pdp-i2380571001.html
Điện thoại Realme C3 Ram 3GB bộ nhớ 32GB máy zin full chức năng pin 5000 mAh tặng kèm 1 ốp lưng,2637133831,https://vn-live-01.slatic.net/p/1bdf672cf7754ee893a408cec31a2a9d.jpg,1.190.000 ₫,Voucher giảm  15%,5.0,1,Hồ Chí Minh,Di Động Khmer Sài Gòn,No Brand,1400000,True,https://www.lazada.vn/products/pdp-i2637133831.html
Điện Thoại S23 Ultra Điện Tử Giảm Đến 50% Máy Ảnh HD 4+64 Gb MỚI Sẵn Tiếng Việt Chơi Ngon Lành Học Điện Thoại Mới Giá Rẻ,2652848294,https://sg-test-11.slatic.net/p/ac704d86b8efa3e605aeb02197aef43e.jpg,1.170.000 ₫,Voucher giảm  45%,5.0,1,Hà Nội,điện tử kỹ thuật số 3C,No Brand,2140000,True,https://www.lazada.vn/products/pdp-i2652848294.html
Điện Thoại Samsung Galaxy A06 4GB/64GB - Hàng Chính Hãng,2959095913,https://vn-live-01.slatic.net/p/0e8c1cd9db09b14d2768813a5459f530.jpg,2.284.000 ₫,,5.0,3,Bến Tre,Hồng Hạnh Mobile Mall,Samsung,3190000,True,https://www.lazada.vn/products/pdp-i2959095913.html
Điện thoại di động hoàn toàn mới oqqo Reno9 HD6.7 inch điện thoại thông minh điện thoại di động,3160665155,https://vn-live-01.slatic.net/p/f7ebacee7e6c580885897c230c23537d.jpg,1.380.000 ₫,,,,Hà Nội,Át 3C,SOYES,,True,https://www.lazada.vn/products/pdp-i3160665155.html
Điện thoại di động Honor X5b (4+64GB) - Bảo hành 12 tháng,3090649261,https://vn-live-01.slatic.net/p/7c194cd458267d29f2dc1bb6b903cf7a.jpg,2.119.000 ₫,,,,Hồ Chí Minh,PHONG VU Official Store,Honor,2990000,True,https://www.lazada.vn/products/pdp-i3090649261.html
Chính Hãng điện thoại cảm ứng giá rẻ Hỗ trợ 2 SIM Mobile mướt game Android phone Bộ nhớ 6+128GB gaming phone Màn hình AMOLED đien thoại giá rẻ nhất Siêu CPU Điện thoại tầm trung Android Cellphones Màn hình lớn 5.0inch Điện,3097235339,https://sg-test-11.slatic.net/p/dba9082b1abb5b3e2f947d9138b5aa7a.jpg,1.258.198 ₫,Voucher giảm  50%,,,Hà Nội,Pzi5i125,No Brand,2516396,True,https://www.lazada.vn/products/pdp-i3097235339.html
điện thoại giá rẽ Hỗ trợ kiểm tra hàng hóa Mới 100% Giảm giá sốc điện thoại việt nam Camera 108+50MP Mobilephone Màn hình AMOLED học sinh giá rẻ,3081030575,https://sg-test-11.slatic.net/p/7bf22010daf38e1881058c350b60744f.jpg,1.044.938 ₫,Voucher giảm  46%,,,Hà Nội,O้racl1e021,No Brand,1935070,True,https://www.lazada.vn/products/pdp-i3081030575.html
đt chính hãng Màn hình AMOLED điện thoại trung quốc Tiếng Việt siêu mượt Cellphones Cấu hình mạnh đỉnh Bảo hành miễn phí đt giá rẻ chính hãng,3129667150,https://sg-test-11.slatic.net/p/733e60e3e99384c85d8b75a72e2238e4.jpg,1.092.849 ₫,Voucher giảm  45%,,,Hà Nội,ysa6r589,No Brand,1980894,True,https://www.lazada.vn/products/pdp-i3129667150.html
Điện thoại Samsung galaxy Note 20 5G 2 sim Likenew - Fullbox,2093580613,https://vn-live-01.slatic.net/p/b6b50e30dab1bf1c75b6e77c2fc2b7bd.jpg,5.590.000 ₫,Voucher giảm  25%,4.96969696969697,33,Hồ Chí Minh,didongso1.com,Samsung,7500000,True,https://www.lazada.vn/products/pdp-i2093580613.html
đien thoại giá rẻ nhất bản Quốc tế đt thông minh giá rẻ handphone Màn hình AMOLED Mobile Sạc nhanh Bảo hành miễn phí Điện thoại phổ thông,3162136123,https://sg-test-11.slatic.net/p/c4e0fb94b45e6e03bc3d9b076bade750.jpg,1.196.327 ₫,Voucher giảm  45%,,,Hà Nội,ysa6r589,No Brand,2171186,True,https://www.lazada.vn/products/pdp-i3162136123.html
Điện Thoại Di Động S23 Ultra HD Tốc Độ Làm Mới Cao 6.7 Bộ Nhớ 16 + 1TB Android Chụp Ảnh HD 72MP + 108MP Pin Lớn 6800MAh Dual Card SIM Trò Chơi Điện Thoại Thông Minh XEM TV,2657488446,https://sg-test-11.slatic.net/p/7838b4c2285cc690f3a6b718dee4e99f.jpg,1.494.000 ₫,Voucher giảm  50%,,,Hà Nội,Chỉ vì 3C,No Brand,2988000,True,https://www.lazada.vn/products/pdp-i2657488446.html
Điện thoại Samsung galaxy M31 Ram 6G bộ nhớ 64GB  Pin 6000 mAh máy chính hãng tặng kèm ốp lưng cường lực,2539508878,https://vn-live-01.slatic.net/p/0ea8049314f5c7b27db14984d43c801b.jpg,1.590.000 ₫,Voucher giảm  6%,5.0,2,Hồ Chí Minh,Di Động Khmer Sài Gòn,Samsung,1700000,True,https://www.lazada.vn/products/pdp-i2539508878.html
"Điện thoại Honor X5b 4GB+64GB | Pin 5200mAh 90Hz | Màn hình 6.56"" | BH 18 Tháng Hàng Chính Hãng",2967101620,https://vn-live-01.slatic.net/p/48618dd1e912b18c8e92ab4a9e86af70.png,2.189.000 ₫,,4.636363636363637,33,Long An,HONOR Vietnam,Honor,2790000,True,https://www.lazada.vn/products/pdp-i2967101620.html
"Điện thoại thông minh S23 Ultra 5G Màn hình 7,5 inch HD 12GB + 512GB bộ nhớ mở rộng Android12 AMOLED điện thoại di động giá rẻ điện thoại di động học tập dành cho sinh viên",2531257509,https://sg-test-11.slatic.net/p/2f8e53f622e94fa6801066bdb40a4a4d.jpg,1.366.827 ₫,Voucher giảm  49%,,,Hà Nội,Trimei Zhenpin,SOYES,2654299,True,https://www.lazada.vn/products/pdp-i2531257509.html
2025 S24 Ultra điện thoại di động thông minh 7.3 inch Android đt 3G/4G/5G giá rẻ 12GB/512GB HD Toàn màn hình điện thoại rẻ cho học sinh Hai SIM Với bút Smartphone cảm ứng,3037538477,https://vn-live-01.slatic.net/p/e95adfeb6acc659c9720fff22ab86e84.jpg,1.575.252 ₫,Voucher giảm  53%,5.0,1,Hà Nội,Át 3C,SOYES,3384000,True,https://www.lazada.vn/products/pdp-i3037538477.html
điện thoại cảm ứng giá rẻ Pin trâu 6800mAh Bán giá rẻ 7.3inch điện thoại màn hình to giá rẻ Hàng mới về Bảo hành miễn phí Màn hình AMOLED giá bán rẻ,3065225453,https://sg-test-11.slatic.net/p/abad9d38a6fa4b4e8c81732a3aab2e91.jpg,1.125.836 ₫,Voucher giảm  46%,,,Hà Nội,Pzi5i125,No Brand,2080683,True,https://www.lazada.vn/products/pdp-i3065225453.html
Đt bản Quốc tế điện thoại cảm ứng mướt game đt thông minh giá rẻ Pin trâu 6800mAh điện thoại thông minh Giảm giá sốc Mobilephone,3084062360,https://vn-live-01.slatic.net/p/77f4303631c1b62b3f68baf7748342ca.jpg,932.963 ₫,Voucher giảm  46%,1.0,1,Hà Nội,Pzi5i125,No Brand,1716385,True,https://www.lazada.vn/products/pdp-i3084062360.html
đt thông minh giá rẻ Pin Lớn 6800mAh điện thoại rẻ đánh mọi gaming nặng chất đt giá rẻ chính hãng Hàng mới về  Điện thoại Giá mềm 7.3inch Mobilephone,2963678316,https://vn-live-01.slatic.net/p/e3dd9d894abbeae6423549964fa80ce0.jpg,1.135.545 ₫,Voucher giảm  44%,,,Hà Nội,O้racl1e021,No Brand,2027759,True,https://www.lazada.vn/products/pdp-i2963678316.html
Điện thoại Cấu hình mạnh đỉnh Điện thoại Giá mềm Pin trâu 6800mAh Điện thoại cao cấp Màn hình lớn 6.7 inch điện thoại thanh lý giá rẻ phiên bản Việt Namđien thoại giá rẻ nhất Siêu CPU điện thoại cảm ứng Hỗ trợ 4G/5G giá rẻ học sinh Android điên thoại,3066496174,https://vn-live-01.slatic.net/p/8afaca03faa4415886bf7e34562c994e.jpg,1.270.670 ₫,Voucher giảm  49%,,0,Hà Nội,ysa6r589,No Brand,2470144,True,https://www.lazada.vn/products/pdp-i3066496174.html
"Miễn phí vận chuyển S23 Ultra Android 16GB + 1TB Màn hình điện thoại di động 7,3 inch Điện thoại di động 5G WiFi Bluetooth Nghe nhạc êm dịu và chơi game mượt mà",2597338074,https://sg-test-11.slatic.net/p/858cf467826617e73dd39162be84a41c.jpg,1.267.868 ₫,Voucher giảm  50%,,,Hà Nội,tiệm 3C,SOYES,2535736,True,https://www.lazada.vn/products/pdp-i2597338074.html
điên thoại Camera 108/50MP  điện thoại rẻ Màn hình AMOLED điện thoại gaming Siêu CPU điện thoại cảm ứng giá rẻ Android Đt Siêu mượt đ𝗂ện thoạ𝗂 chính hãng g𝗂á rẻ Hàng mới về Điện thoại dưới 2 triệu Hỗ trợ 4G/5G Điện thoại cao cấp,3065483154,https://vn-live-01.slatic.net/p/3fd10f1b40851cdbfbb3c1972e6070b3.jpg,1.161.370 ₫,Voucher giảm  46%,,,Hà Nội,Pzi5i125,No Brand,2139152,True,https://www.lazada.vn/products/pdp-i3065483154.html
Điện thoại GALAXY A13 Ram 6G/128GB máy qua sự dụng zin đẹp 99 chính hãng kèm phụ kiện,2539971659,https://vn-live-01.slatic.net/p/ed7ce9b4625fb11f2fc2efa29ba05338.jpg,1.990.000 ₫,Voucher giảm  9%,5.0,1,Hồ Chí Minh,Di Động Khmer Sài Gòn,No Brand,2190000,True,https://www.lazada.vn/products/pdp-i2539971659.html
đien thoại giá rẻ nhất Hàng mới về Giao hàng nhận tiền Cấu hình mạnh đỉnh gaming phone Pin trâu 6800mAh Điện thoại phổ thông Hỗ trợ 4G/5G điện thoại giá siêu rẻ Vi xử lý 10 nhân Cellphones Android điện thoại cảm ứng Camera 108/50MP  Đt,2952510694,https://vn-live-01.slatic.net/p/053e748821c3f0a3bcec0fcb1347fed4.jpg,1.121.300 ₫,Voucher giảm  46%,,,Hà Nội,O้racl1e021,No Brand,2067119,True,https://www.lazada.vn/products/pdp-i2952510694.html
Hỗ trợ 4G/5G Điện thoại tầm trung Màn hình lớn 5.0 inchGiao hàng nhận tiền Hàng mới về điện thoại Vi xử lý 10 nhân mới nguyên bản bản Quốc tế Cellphones siêu mượt điện thoại trung quốc Màn hình AMOLED đt thông,3041433539,https://sg-test-11.slatic.net/p/0aea048fe6f3e085c5c086cbea1c3f24.jpg,1.276.319 ₫,Voucher giảm  41%,,,Hà Nội,Pzi5i125,No Brand,2163253,True,https://www.lazada.vn/products/pdp-i3041433539.html
đt rẻ Pin trâu 8000mAh Android Mobile phiên bản Việt Nam điện thoại pin trâu Hỗ trợ 2 SIM Điện thoại dưới 2 triệu Siêu mượt Smartphone Bộ nhớ 16+1TB Điện thoại Hỗ trợ tiếng Việt trên điện thoại màn hình to giá rẻ Hỗ trợ 4G/5G Điện thoại tầm trung,3046234079,https://vn-live-01.slatic.net/p/0875efb89b3217e6ebab61036982cc4f.jpg,1.186.762 ₫,Voucher giảm  41%,,,Hà Nội,Pzi5i125,No Brand,2015482,True,https://www.lazada.vn/products/pdp-i3046234079.html
Điện thoại tầm trung mướt game Đt Hỗ trợ kiểm tra hàng hóa điện thoại thanh lý giá rẻ Bộ nhớ 16+1TB Android phone Màn hình AMOLED đt rẻ,3166297177,https://sg-test-11.slatic.net/p/d944fae80b8067281f108981dd90aedf.jpg,1.204.358 ₫,Voucher giảm  47%,,,Hà Nội,ysa6r589,No Brand,2272374,True,https://www.lazada.vn/products/pdp-i3166297177.html
Điện thoại Redmi Note 11S Ram 8GB/128GB máy chính hãng PIN 5000 mAh,2557234330,https://vn-live-01.slatic.net/p/c4e2da68099eaf3edfa483ea1148d295.jpg,2.131.990 ₫,Voucher giảm  14%,5.0,3,Hồ Chí Minh,Di Động Khmer Sài Gòn,No Brand,2490000,True,https://www.lazada.vn/products/pdp-i2557234330.html
Điện thoại S23 Ultra giao hàng siêu nhanh Deal Điện Tử Giảm Đến 50% Android mới 12+256GB Bán Giá rẻ săn sele Điện thoại di động,2424976148,https://vn-live-01.slatic.net/p/a98a296afb09e4bbc240184c1c3f885f.png,1.395.500 ₫,Voucher giảm  50%,,,Hà Nội,Trimei Zhenpin,No Brand,2791000,True,https://www.lazada.vn/products/pdp-i2424976148.html
đt giá siêu rẻ đánh mọi gaming nặng chất điện thoại tồn kho mướt game giá bán rẻ Sạc nhanh Điện Thoại Thông Minh Cấu hình mạnh đỉnh Mobilephone,2952739210,https://vn-live-01.slatic.net/p/b4465625311e575e292660a3d9ff7d89.jpg,1.210.069 ₫,Voucher giảm  43%,,,Hà Nội,O้racl1e021,No Brand,2122928,True,https://www.lazada.vn/products/pdp-i2952739210.html
điện thoại gia rẻ học sinh Sạc nhanh đt chính hãng Hàng mới về điện thoại chơi game Hỗ trợ kiểm tra hàng hóa NEW 5G Phone Chính Hãng đt giá học sinh,3163657825,https://sg-test-11.slatic.net/p/95d74efa6c3c3ffefc8a9a0a9f476f3b.jpg,1.103.923 ₫,Voucher giảm  45%,,,Hà Nội,ysa6r589,No Brand,2019915,True,https://www.lazada.vn/products/pdp-i3163657825.html
điện thoại gia rẻ học sinh 6.7inch Mới 100% Bộ nhớ 12+512GB đt chính hãng Camera 48+24MP điện thoại pin trâu Pin Lớn 5600mAh đt chính hãng Android,2277590301,https://vn-live-01.slatic.net/p/ade510608129004d3455458a3fba3afa.jpg,1.203.727 ₫,Voucher giảm  43%,,,Hà Nội,O้racl1e021,No Brand,2111802,True,https://www.lazada.vn/products/pdp-i2277590301.html
điện thoại android Hàng mới về Điện thoại Cấu hình mạnh đỉnh điện thoại thông minh Hỗ trợ kiểm tra hàng hóa Điện thoại di động Chính Hãng Android Mobile Hỗ trợ 2 SIM Nguyên bản mới Sạc nhanh đt giá rẻ cho hs Bộ nhớ,3129632143,https://sg-test-11.slatic.net/p/67112311d4d3b228c17e51902d780438.jpg,1.361.236 ₫,Voucher giảm  48%,,,Hà Nội,ysa6r589,No Brand,2617762,True,https://www.lazada.vn/products/pdp-i3129632143.html
Điện thoại Samsung galaxy M21 Ram 6G bộ nhớ 64GB máy zin full chức năng pin 6000 mAh tặng kèm 1 ốp lưng,2634432349,https://vn-live-01.slatic.net/p/421bff6f5f76f61d2acd6c916fc7e629.jpg,1.390.000 ₫,Voucher giảm  23%,5.0,3,Hồ Chí Minh,Di Động Khmer Sài Gòn,Samsung,1800000,True,https://www.lazada.vn/products/pdp-i2634432349.html
đt giá rẻ cho hs Sạc nhanh điện thoại việt nam Bảo hành miễn phí Hỗ trợ 4G/5G New Arrival Chính Hãng mới nguyên bản đt thông minh giá rẻ,2606891085,https://vn-live-01.slatic.net/p/de014669c7695f677374e13b1f06dc08.jpg,1.119.679 ₫,Voucher giảm  47%,,,Hà Nội,ysa6r589,No Brand,2112602,True,https://www.lazada.vn/products/pdp-i2606891085.html
"Galaxy S23 Ultra+ điện thoại di động bán giảm giá bản gốc 2023 100 phần trăm với một máy ảnh hd chi phí thấp 6, 7 inch 16GB+512GB máy ảnh điện thoại thông minh sạc điện thoại di động COD",2508377249,https://sg-test-11.slatic.net/p/31679d613e7ce8c5d9016aeddaeaf789.jpg,1.360.127 ₫,Voucher giảm  49%,,,Hà Nội,Trimei Zhenpin,SOYES,2654299,True,https://www.lazada.vn/products/pdp-i2508377249.html
điên thoại gia rẻ Hàng mới về đt giá rẻ cho hs Giảm giá sốc Điện thoại phổ thông Hỗ trợ 4G/5G Mobile Cấu hình mạnh đỉnh dt gia rẻ,3160993711,https://sg-test-11.slatic.net/p/126aef3bbea1d0c1bdfa4545cffaf67e.jpg,1.212.004 ₫,Voucher giảm  43%,,,Hà Nội,ysa6r589,No Brand,2116126,True,https://www.lazada.vn/products/pdp-i3160993711.html
Màn hình AMOLED điện thoại pin trâu Sạc nhanh điện thoại cảm ứng giá rẻ Camera 48/24MP  điện thoại rẻ cho học sinh Hỗ trợ 2 SIM điện thoại giá học sinh Bộ nhớ 8+128GB điện thoại cho học sinh Siêu CPU New Arrival,3084011581,https://sg-test-11.slatic.net/p/daf55835c69075658190281e89ed60ca.jpg,1.171.843 ₫,Voucher giảm  50%,,,Hà Nội,O้racl1e021,No Brand,2343686,True,https://www.lazada.vn/products/pdp-i3084011581.html
dien thoai mướt game điện thoại thông minh đánh mọi gaming nặng chất đt thông minh giá rẻ Bộ nhớ 16+512GB điện thoại giá 1kk Vi xử lý 10 nhân Mới 100% Siêu CPU Điện thoại tầm trung Cấu hình mạnh đỉnh Điện thoại giá,3163468755,https://sg-test-11.slatic.net/p/2d7f58ad9e6b14e727602bfbf90eff7f.jpg,1.350.770 ₫,Voucher giảm  43%,,,Hà Nội,ysa6r589,No Brand,2357149,True,https://www.lazada.vn/products/pdp-i3163468755.html
Smartphone Hàng mới về điện thoại android siêu mượt đt giá rẻ chính hãng mướt game điện thoại chơi game Camera 72+48MP  điện thoại Giá Rẻ Hỗ trợ 2 SIM điện thoại giá rẽ Cấu hình mạnh đỉnh dt gia rẻ Pin trâu 7300mAh,3065179926,https://vn-live-01.slatic.net/p/ae08e4397fb5897ebad420a312ed0eaf.jpg,1.462.103 ₫,Voucher giảm  48%,,,Hà Nội,Pzi5i125,No Brand,2804404,True,https://www.lazada.vn/products/pdp-i3065179926.html
Điện thoại Redmi Note 11 Pro 5G Ram 8G/128GB máy chính hãng zin đẹp full chức năng tặng kèm 1 ốp lưng,2652997643,https://vn-live-01.slatic.net/p/9d06d4e2bbdc2542d5a74b6789cf2e91.jpg,2.783.690 ₫,Voucher giảm  13%,5.0,4,Hồ Chí Minh,Di Động Khmer Sài Gòn,No Brand,3190000,True,https://www.lazada.vn/products/pdp-i2652997643.html
điên thoại gia rẻ Màn hình AMOLED đt giá rẻ cho hs Pin trâu 7800mAh điện thoại rẻ nhất Hỗ trợ kiểm tra hàng hóa mới nguyên bản Sạc nhanh Mới 100%,3069345271,https://sg-test-11.slatic.net/p/28796fc6f5be8a1322194e0d2b445051.jpg,1.118.642 ₫,Voucher giảm  47%,,,Hà Nội,O้racl1e021,No Brand,2110645,True,https://www.lazada.vn/products/pdp-i3069345271.html
Điện thoại Redmi 9c  Ram 3GB bộ nhớ 64GB máy zin full chức năng pin 6000 mAh tặng kèm 1 ốp lưng,2634637573,https://vn-live-01.slatic.net/p/0a0de44bff1cb7406df0816cb5555437.jpg,1.107.890 ₫,Voucher giảm  14%,5.0,1,Hồ Chí Minh,Di Động Khmer Sài Gòn,Xiaomi,1290000,True,https://www.lazada.vn/products/pdp-i2634637573.html
đt siêu rẻ Cấu hình mạnh đỉnh Điện thoại giá rẻ Trung Quốc Hỗ trợ 4G/5G dt gia rẻ siêu mượt Điện thoại phổ thông Hỗ trợ 2 SIM Smartphone,3097000379,https://sg-test-11.slatic.net/p/8d935615c3976517bad5f019f2d709e4.jpg,1.014.537 ₫,Voucher giảm  43%,,,Hà Nội,ysa6r589,No Brand,1783125,True,https://www.lazada.vn/products/pdp-i3097000379.html
dien thoai Chính Hãng thanh lý giá điện thoại Mobilephone Pin trâu 6000mAh New Arrival Màn hình AMOLED Android phone Điện thoại cao cấp,3164466556,https://sg-test-11.slatic.net/p/adc726be1d159b39124e4bb6dd1408ac.jpg,1.101.845 ₫,Voucher giảm  49%,,,Hà Nội,ysa6r589,No Brand,2160480,True,https://www.lazada.vn/products/pdp-i3164466556.html
Sạc nhanh Android phone Bộ nhớ 8+128GB gaming phone Màn hình AMOLED đien thoại giá rẻ nhất Android Cellphones Cấu hình mạnh đỉnh đt chính hãng mướt game Điện thoại giá sinh viên Siêu CPU Mobile Chính Hãng dt giá rẻ,3121239210,https://sg-test-11.slatic.net/p/512beb42c89ce4b27103cb62f7501cd5.jpg,1.291.942 ₫,Voucher giảm  46%,,,Hà Nội,Pzi5i125,No Brand,2392485,True,https://www.lazada.vn/products/pdp-i3121239210.html
đt giá rẻ chính hãng Vi xử lý 10 nhân điện thoại thanh lý giá rẻ Android Mobile Sạc nhanh Smartphone Camera 50+32MP Bảo hành miễn phí Bán giá rẻ,3028419420,https://sg-test-11.slatic.net/p/f9b7266d78dc7a0e52eab0f249e66ff4.jpg,1.207.389 ₫,Voucher giảm  43%,,,Hà Nội,Pzi5i125,No Brand,2118226,True,https://www.lazada.vn/products/pdp-i3028419420.html
Điện thoại Samsung Galaxy A21S Ram 6GB bộ nhớ 64GB máy zin full chức năng pin 5000 mAh tặng kèm 1 ốp lưng,2638922442,https://vn-live-01.slatic.net/p/c844e24a02ce73141db9437c5f357a3d.jpg,1.387.190 ₫,Voucher giảm  13%,5.0,2,Hồ Chí Minh,Di Động Khmer Sài Gòn,Samsung,1590000,True,https://www.lazada.vn/products/pdp-i2638922442.html
5.8inch Đt giá rẻ cho hs Pin Lớn 4800mAh điện thoại thông minh Android điện thoại giá rẻ Mạng 5G Giao hàng nhận tiền Hàng mới về NEW 5G Phone Hỗ trợ 2 SIMĐiện thoại phổ thông Vi xử lý 10 nhân thanh lý giá điện,3024461934,https://sg-test-11.slatic.net/p/cd4de8b1b29a743a19342901e6fd2c97.jpg,1.354.680 ₫,Voucher giảm  41%,,,Hà Nội,Pzi5i125,No Brand,2296068,True,https://www.lazada.vn/products/pdp-i3024461934.html
điện thoại tồn kho Bộ nhớ 12+512GB Siêu CPU đt giá rẻ Cấu hình mạnh đỉnh Bán giá rẻ Sạc nhanh điện thoại chơi game Android đánh mọi gaming nặng chất,2303142432,https://vn-live-01.slatic.net/p/1517d6f918be753e969b8c5a6dd6ba2c.jpg,1.128.650 ₫,Voucher giảm  43%,,,Hà Nội,O้racl1e021,No Brand,1980088,True,https://www.lazada.vn/products/pdp-i2303142432.html
Mới S24 Ultra điện thoại di động 6.8 inch Android đt Máy ảnh 3G/4G/5G giá rẻ 6GB/128GB HD màn hình điện thoại rẻ cho học sinh Hai SIM Với bút Smartphone Cảm ứng,3064337553,https://vn-live-01.slatic.net/p/c4aa48330988800b24312bb8b4a3bbec.jpg,1.287.000 ₫,Voucher giảm  50%,,,Hà Nội,Át 3C,SOYES,2574000,True,https://www.lazada.vn/products/pdp-i3064337553.html
Mới S23 Cực Điện Thoại Thông Minh Android Dual Sim 6800MAh 6.8 HD Màn Hình Điện Thoại Pro Mở Khóa Phiên Bản Toàn Cầu 5G Di Động Điện Thoại Chính Hãng,2575834127,https://sg-test-11.slatic.net/p/c9862cee11f0d18120a91a703f315e38.jpg,1.365.068 ₫,Voucher giảm  50%,,,Hà Nội,thành phố điện tử kỹ thuật số,No Brand,2730136,True,https://www.lazada.vn/products/pdp-i2575834127.html
Đt 6.8inch Điện thoại Giá mềm handphone bản Quốc tế Feature phones Vi xử lý 10 nhân Bảo hành miễn phí đt thông minh giá rẻ,3020694048,https://sg-test-11.slatic.net/p/5a3944b2f6321ca6501b900a39b4c1f9.jpg,1.105.045 ₫,Voucher giảm  43%,,,Hà Nội,O้racl1e021,No Brand,1938675,True,https://www.lazada.vn/products/pdp-i3020694048.html
Đt giá rẻ cho hs Cấu hình mạnh đỉnh điên thoại Bộ nhớ 12+512GB Siêu CPU giá rẻ học sinh đánh mọi gaming nặng chất dien thoai Hàng mới về Smartphone,2293419917,https://vn-live-01.slatic.net/p/9432cf635d6f442e7e81121b107a7568.jpg,1.126.535 ₫,Voucher giảm  43%,,,Hà Nội,O้racl1e021,No Brand,1976377,True,https://www.lazada.vn/products/pdp-i2293419917.html
Điện thoại giá sinh viên Hỗ trợ 4G/5G đt giá học sinh Hỗ trợ kiểm tra hàng hóa điện thoại việt nam bản Quốc tế Smartphone Sạc nhanh Đt,2318045450,https://vn-live-01.slatic.net/p/a91cb2b8307dc8d0ec69ac3027c980de.jpg,1.126.176 ₫,Voucher giảm  43%,,,Hà Nội,O้racl1e021,No Brand,1975747,True,https://www.lazada.vn/products/pdp-i2318045450.html
Điện thoại OPPO A1K ram 2GB bộ nhớ 32GB máy zin full chức năng pin 5000 mAh tặng kèm 1 ốp lưng,2638808771,https://vn-live-01.slatic.net/p/cb3c07bcb2aad0b2d545eddb5beac6a7.jpg,977.550 ₫,Voucher giảm  19%,5.0,2,Hồ Chí Minh,Di Động Khmer Sài Gòn,OPPO,1200000,True,https://www.lazada.vn/products/pdp-i2638808771.html
